customer_id,customer_name,city,state,customer_segment
C0001,Arjun Das,Kolkata,West Bengal,Consumer
C0002,Isha Sharma,Hyderabad,Telangana,Consumer
C0003,Rohan Kumar,Lucknow,Uttar Pradesh,Corporate
C0004,Varun Gupta,Ahmedabad,Gujarat,Corporate
C0005,Meera Das,Chennai,Tamil Nadu,Consumer
C0006,Rohan Kumar,Kolkata,West Bengal,Corporate
C0007,Vikram Iyer,Kochi,Kerala,Consumer
C0008,Aarav Bhat,Delhi,Delhi,Corporate
C0009,Arjun Singh,Kolkata,West Bengal,Corporate
C0010,Meera Nair,Lucknow,Uttar Pradesh,Consumer
C0011,Aarav Kapoor,Lucknow,Uttar Pradesh,Consumer
C0012,Varun Das,Ahmedabad,Gujarat,Consumer
C0013,Nikhil Singh,Chennai,Tamil Nadu,Small Business
C0014,Nikhil Mehta,Hyderabad,Telangana,Consumer
C0015,Rohan Rao,Ahmedabad,Gujarat,Small Business
C0016,Riya Mehta,Ahmedabad,Gujarat,Consumer
C0017,Rohan Reddy,Delhi,Delhi,Consumer
C0018,Riya Mehta,Pune,Maharashtra,Consumer
C0019,Vikram Kumar,Chennai,Tamil Nadu,Consumer
C0020,Ananya Iyer,Mumbai,Maharashtra,Small Business
C0021,Kavya Verma,Ahmedabad,Gujarat,Consumer
C0022,Ananya Verma,Chandigarh,Chandigarh,Consumer
C0023,Amit Verma,Pune,Maharashtra,Consumer
C0024,Divya Verma,Mumbai,Maharashtra,Consumer
C0025,Varun Kumar,Chandigarh,Chandigarh,Consumer
C0026,Kiran Nair,Chennai,Tamil Nadu,Consumer
C0027,Sneha Singh,Bengaluru,Karnataka,Corporate
C0028,Aarav Sharma,Chandigarh,Chandigarh,Consumer
C0029,Vikram Kumar,Kochi,Kerala,Consumer
C0030,Kavya Singh,Pune,Maharashtra,Consumer
C0031,Amit Iyer,Chandigarh,Chandigarh,Consumer
C0032,Amit Nair,Jaipur,Rajasthan,Small Business
C0033,Rohan Sharma,Bengaluru,Karnataka,Consumer
C0034,Riya Kumar,Lucknow,Uttar Pradesh,Consumer
C0035,Neha Sharma,Lucknow,Uttar Pradesh,Corporate
C0036,Kiran Sharma,Kochi,Kerala,Consumer
C0037,Aditya Bhat,Chandigarh,Chandigarh,Consumer
C0038,Varun Verma,Chandigarh,Chandigarh,Small Business
C0039,Varun Bhat,Delhi,Delhi,Corporate
C0040,Amit Gupta,Chandigarh,Chandigarh,Small Business
C0041,Pooja Das,Kolkata,West Bengal,Consumer
C0042,Varun Patel,Hyderabad,Telangana,Consumer
C0043,Aarav Bhat,Jaipur,Rajasthan,Consumer
C0044,Varun Kapoor,Delhi,Delhi,Consumer
C0045,Kavya Patel,Chennai,Tamil Nadu,Corporate
C0046,Amit Patel,Delhi,Delhi,Consumer
C0047,Sneha Reddy,Kolkata,West Bengal,Corporate
C0048,Priya Sharma,Chennai,Tamil Nadu,Corporate
C0049,Neha Gupta,Jaipur,Rajasthan,Consumer
C0050,Kiran Reddy,Kolkata,West Bengal,Consumer
C0051,Isha Rao,Mumbai,Maharashtra,Corporate
C0052,Varun Bhat,Hyderabad,Telangana,Consumer
C0053,Ananya Joshi,Jaipur,Rajasthan,Corporate
C0054,Aarav Iyer,Chandigarh,Chandigarh,Consumer
C0055,Kavya Iyer,Mumbai,Maharashtra,Consumer
C0056,Neha Sharma,Kochi,Kerala,Corporate
C0057,Rahul Das,Jaipur,Rajasthan,Small Business
C0058,Neha Kumar,Kochi,Kerala,Consumer
C0059,Nikhil Singh,Chennai,Tamil Nadu,Corporate
C0060,Rahul Reddy,Mumbai,Maharashtra,Consumer
C0061,Aarav Joshi,Hyderabad,Telangana,Corporate
C0062,Nikhil Das,Chandigarh,Chandigarh,Corporate
C0063,Ananya Reddy,Chandigarh,Chandigarh,Consumer
C0064,Meera Das,Kolkata,West Bengal,Consumer
C0065,Meera Verma,Chandigarh,Chandigarh,Corporate
C0066,Pooja Nair,Ahmedabad,Gujarat,Consumer
C0067,Riya Singh,Delhi,Delhi,Corporate
C0068,Meera Kapoor,Bengaluru,Karnataka,Consumer
C0069,Pooja Patel,Hyderabad,Telangana,Small Business
C0070,Kiran Rao,Mumbai,Maharashtra,Corporate
C0071,Kiran Sharma,Ahmedabad,Gujarat,Small Business
C0072,Varun Gupta,Hyderabad,Telangana,Consumer
C0073,Varun Nair,Mumbai,Maharashtra,Corporate
C0074,Kavya Patel,Pune,Maharashtra,Corporate
C0075,Aarav Kapoor,Pune,Maharashtra,Consumer
C0076,Arjun Nair,Kochi,Kerala,Consumer
C0077,Vikram Rao,Hyderabad,Telangana,Consumer
C0078,Ananya Reddy,Pune,Maharashtra,Corporate
C0079,Divya Nair,Mumbai,Maharashtra,Consumer
C0080,Arjun Singh,Kochi,Kerala,Consumer
C0081,Sneha Bhat,Chandigarh,Chandigarh,Corporate
C0082,Rohan Patel,Mumbai,Maharashtra,Consumer
C0083,Divya Reddy,Kochi,Kerala,Consumer
C0084,Riya Rao,Hyderabad,Telangana,Small Business
C0085,Divya Das,Ahmedabad,Gujarat,Small Business
C0086,Amit Rao,Kolkata,West Bengal,Consumer
C0087,Meera Iyer,Chandigarh,Chandigarh,Consumer
C0088,Amit Patel,Jaipur,Rajasthan,Corporate
C0089,Varun Sharma,Ahmedabad,Gujarat,Consumer
C0090,Meera Mehta,Chennai,Tamil Nadu,Consumer
C0091,Neha Patel,Mumbai,Maharashtra,Consumer
C0092,Aditya Mehta,Chennai,Tamil Nadu,Consumer
C0093,Kiran Mehta,Ahmedabad,Gujarat,Consumer
C0094,Vikram Bhat,Kochi,Kerala,Consumer
C0095,Priya Rao,Jaipur,Rajasthan,Corporate
C0096,Aditya Patel,Chandigarh,Chandigarh,Small Business
C0097,Arjun Verma,Chandigarh,Chandigarh,Consumer
C0098,Sneha Patel,Chandigarh,Chandigarh,Corporate
C0099,Isha Nair,Jaipur,Rajasthan,Small Business
C0100,Rohan Kumar,Bengaluru,Karnataka,Consumer
C0101,Ananya Sharma,Jaipur,Rajasthan,Consumer
C0102,Arjun Mehta,Kolkata,West Bengal,Corporate
C0103,Sneha Rao,Jaipur,Rajasthan,Corporate
C0104,Divya Iyer,Ahmedabad,Gujarat,Corporate
C0105,Isha Kumar,Bengaluru,Karnataka,Consumer
C0106,Sneha Verma,Chandigarh,Chandigarh,Small Business
C0107,Neha Patel,Ahmedabad,Gujarat,Consumer
C0108,Divya Gupta,Ahmedabad,Gujarat,Consumer
C0109,Kiran Rao,Lucknow,Uttar Pradesh,Corporate
C0110,Aditya Sharma,Delhi,Delhi,Consumer
C0111,Meera Patel,Bengaluru,Karnataka,Consumer
C0112,Vikram Sharma,Ahmedabad,Gujarat,Consumer
C0113,Varun Singh,Delhi,Delhi,Consumer
C0114,Priya Reddy,Delhi,Delhi,Consumer
C0115,Vikram Das,Bengaluru,Karnataka,Small Business
C0116,Vikram Nair,Lucknow,Uttar Pradesh,Consumer
C0117,Amit Verma,Chennai,Tamil Nadu,Corporate
C0118,Kiran Das,Kochi,Kerala,Corporate
C0119,Rahul Kumar,Kolkata,West Bengal,Small Business
C0120,Ananya Iyer,Kochi,Kerala,Consumer
C0121,Nikhil Das,Jaipur,Rajasthan,Small Business
C0122,Arjun Das,Chandigarh,Chandigarh,Consumer
C0123,Aarav Rao,Kolkata,West Bengal,Corporate
C0124,Priya Kapoor,Jaipur,Rajasthan,Corporate
C0125,Riya Reddy,Ahmedabad,Gujarat,Corporate
C0126,Rahul Nair,Chandigarh,Chandigarh,Consumer
C0127,Vikram Sharma,Mumbai,Maharashtra,Corporate
C0128,Aditya Verma,Bengaluru,Karnataka,Consumer
C0129,Ananya Mehta,Kolkata,West Bengal,Corporate
C0130,Ananya Singh,Kolkata,West Bengal,Small Business
C0131,Rohan Mehta,Ahmedabad,Gujarat,Consumer
C0132,Neha Sharma,Chennai,Tamil Nadu,Small Business
C0133,Aarav Mehta,Delhi,Delhi,Consumer
C0134,Vikram Das,Chandigarh,Chandigarh,Consumer
C0135,Isha Mehta,Ahmedabad,Gujarat,Consumer
C0136,Kiran Reddy,Pune,Maharashtra,Consumer
C0137,Rahul Patel,Lucknow,Uttar Pradesh,Corporate
C0138,Arjun Joshi,Delhi,Delhi,Consumer
C0139,Divya Reddy,Bengaluru,Karnataka,Consumer
C0140,Sneha Patel,Delhi,Delhi,Small Business
C0141,Divya Reddy,Chennai,Tamil Nadu,Corporate
C0142,Arjun Joshi,Delhi,Delhi,Corporate
C0143,Amit Gupta,Bengaluru,Karnataka,Small Business
C0144,Amit Rao,Chennai,Tamil Nadu,Corporate
C0145,Amit Kapoor,Kochi,Kerala,Consumer
C0146,Divya Bhat,Kolkata,West Bengal,Consumer
C0147,Pooja Das,Kolkata,West Bengal,Corporate
C0148,Varun Das,Lucknow,Uttar Pradesh,Consumer
C0149,Amit Iyer,Jaipur,Rajasthan,Corporate
C0150,Arjun Kumar,Kochi,Kerala,Consumer
C0151,Pooja Kumar,Kochi,Kerala,Consumer
C0152,Neha Mehta,Chandigarh,Chandigarh,Consumer
C0153,Kavya Mehta,Delhi,Delhi,Corporate
C0154,Divya Kapoor,Kolkata,West Bengal,Consumer
C0155,Rohan Gupta,Bengaluru,Karnataka,Corporate
C0156,Nikhil Rao,Hyderabad,Telangana,Consumer
C0157,Pooja Iyer,Hyderabad,Telangana,Consumer
C0158,Amit Iyer,Chennai,Tamil Nadu,Small Business
C0159,Kiran Bhat,Kolkata,West Bengal,Corporate
C0160,Nikhil Singh,Kolkata,West Bengal,Consumer
C0161,Kiran Mehta,Lucknow,Uttar Pradesh,Corporate
C0162,Varun Das,Hyderabad,Telangana,Consumer
C0163,Kavya Verma,Kolkata,West Bengal,Consumer
C0164,Kavya Kapoor,Lucknow,Uttar Pradesh,Consumer
C0165,Riya Iyer,Delhi,Delhi,Corporate
C0166,Rahul Patel,Pune,Maharashtra,Corporate
C0167,Isha Iyer,Chandigarh,Chandigarh,Consumer
C0168,Amit Bhat,Mumbai,Maharashtra,Small Business
C0169,Rahul Joshi,Kochi,Kerala,Consumer
C0170,Aditya Patel,Jaipur,Rajasthan,Consumer
C0171,Rahul Singh,Chennai,Tamil Nadu,Consumer
C0172,Vikram Das,Pune,Maharashtra,Consumer
C0173,Divya Iyer,Chandigarh,Chandigarh,Consumer
C0174,Nikhil Das,Chandigarh,Chandigarh,Corporate
C0175,Amit Nair,Chandigarh,Chandigarh,Corporate
C0176,Aditya Patel,Chandigarh,Chandigarh,Consumer
C0177,Aarav Gupta,Hyderabad,Telangana,Consumer
C0178,Isha Joshi,Lucknow,Uttar Pradesh,Consumer
C0179,Ananya Iyer,Kochi,Kerala,Consumer
C0180,Rahul Rao,Kolkata,West Bengal,Consumer
C0181,Ananya Bhat,Chandigarh,Chandigarh,Corporate
C0182,Aditya Gupta,Jaipur,Rajasthan,Consumer
C0183,Kavya Reddy,Kolkata,West Bengal,Corporate
C0184,Kiran Bhat,Bengaluru,Karnataka,Small Business
C0185,Riya Gupta,Bengaluru,Karnataka,Consumer
C0186,Amit Gupta,Jaipur,Rajasthan,Corporate
C0187,Divya Mehta,Lucknow,Uttar Pradesh,Consumer
C0188,Pooja Das,Jaipur,Rajasthan,Corporate
C0189,Divya Kapoor,Hyderabad,Telangana,Consumer
C0190,Isha Bhat,Jaipur,Rajasthan,Consumer
C0191,Kiran Nair,Delhi,Delhi,Consumer
C0192,Arjun Sharma,Kolkata,West Bengal,Consumer
C0193,Amit Reddy,Pune,Maharashtra,Consumer
C0194,Aditya Bhat,Ahmedabad,Gujarat,Consumer
C0195,Kavya Nair,Lucknow,Uttar Pradesh,Consumer
C0196,Kavya Bhat,Jaipur,Rajasthan,Small Business
C0197,Arjun Mehta,Chennai,Tamil Nadu,Corporate
C0198,Pooja Sharma,Bengaluru,Karnataka,Consumer
C0199,Meera Kapoor,Delhi,Delhi,Consumer
C0200,Rohan Kapoor,Kochi,Kerala,Small Business
C0201,Amit Mehta,Chandigarh,Chandigarh,Corporate
C0202,Priya Joshi,Ahmedabad,Gujarat,Corporate
C0203,Arjun Gupta,Lucknow,Uttar Pradesh,Consumer
C0204,Arjun Verma,Pune,Maharashtra,Consumer
C0205,Sneha Iyer,Ahmedabad,Gujarat,Consumer
C0206,Meera Das,Jaipur,Rajasthan,Consumer
C0207,Vikram Bhat,Hyderabad,Telangana,Corporate
C0208,Aditya Patel,Bengaluru,Karnataka,Corporate
C0209,Kiran Nair,Bengaluru,Karnataka,Corporate
C0210,Priya Verma,Kochi,Kerala,Small Business
C0211,Neha Nair,Hyderabad,Telangana,Corporate
C0212,Varun Gupta,Chandigarh,Chandigarh,Consumer
C0213,Meera Rao,Kolkata,West Bengal,Consumer
C0214,Vikram Patel,Mumbai,Maharashtra,Small Business
C0215,Rohan Sharma,Delhi,Delhi,Consumer
C0216,Rahul Das,Bengaluru,Karnataka,Small Business
C0217,Sneha Singh,Chennai,Tamil Nadu,Corporate
C0218,Arjun Kumar,Bengaluru,Karnataka,Consumer
C0219,Nikhil Iyer,Ahmedabad,Gujarat,Consumer
C0220,Amit Mehta,Bengaluru,Karnataka,Small Business
C0221,Rahul Nair,Lucknow,Uttar Pradesh,Consumer
C0222,Amit Gupta,Bengaluru,Karnataka,Small Business
C0223,Isha Reddy,Mumbai,Maharashtra,Small Business
C0224,Kavya Patel,Mumbai,Maharashtra,Consumer
C0225,Amit Das,Chandigarh,Chandigarh,Consumer
C0226,Rahul Reddy,Pune,Maharashtra,Small Business
C0227,Sneha Gupta,Kolkata,West Bengal,Corporate
C0228,Nikhil Mehta,Chennai,Tamil Nadu,Consumer
C0229,Rohan Nair,Bengaluru,Karnataka,Consumer
C0230,Meera Singh,Bengaluru,Karnataka,Consumer
C0231,Ananya Verma,Delhi,Delhi,Small Business
C0232,Rohan Das,Mumbai,Maharashtra,Corporate
C0233,Rahul Verma,Chennai,Tamil Nadu,Corporate
C0234,Rohan Reddy,Chandigarh,Chandigarh,Consumer
C0235,Ananya Joshi,Kochi,Kerala,Consumer
C0236,Isha Mehta,Pune,Maharashtra,Small Business
C0237,Nikhil Das,Kolkata,West Bengal,Consumer
C0238,Arjun Verma,Hyderabad,Telangana,Consumer
C0239,Ananya Das,Kolkata,West Bengal,Consumer
C0240,Nikhil Kumar,Lucknow,Uttar Pradesh,Corporate
C0241,Neha Verma,Ahmedabad,Gujarat,Small Business
C0242,Arjun Rao,Lucknow,Uttar Pradesh,Consumer
C0243,Kavya Kumar,Bengaluru,Karnataka,Consumer
C0244,Arjun Joshi,Pune,Maharashtra,Corporate
C0245,Pooja Gupta,Ahmedabad,Gujarat,Small Business
C0246,Arjun Gupta,Chennai,Tamil Nadu,Consumer
C0247,Amit Patel,Hyderabad,Telangana,Consumer
C0248,Neha Gupta,Mumbai,Maharashtra,Consumer
C0249,Varun Rao,Pune,Maharashtra,Small Business
C0250,Rahul Das,Pune,Maharashtra,Consumer
C0251,Neha Patel,Lucknow,Uttar Pradesh,Consumer
C0252,Neha Verma,Bengaluru,Karnataka,Corporate
C0253,Aditya Gupta,Jaipur,Rajasthan,Corporate
C0254,Aarav Kumar,Chandigarh,Chandigarh,Consumer
C0255,Varun Das,Lucknow,Uttar Pradesh,Small Business
C0256,Aarav Verma,Pune,Maharashtra,Consumer
C0257,Pooja Mehta,Delhi,Delhi,Consumer
C0258,Aditya Verma,Hyderabad,Telangana,Consumer
C0259,Aditya Mehta,Chandigarh,Chandigarh,Corporate
C0260,Isha Nair,Lucknow,Uttar Pradesh,Consumer
C0261,Sneha Joshi,Hyderabad,Telangana,Small Business
C0262,Kiran Singh,Delhi,Delhi,Corporate
C0263,Vikram Gupta,Kochi,Kerala,Corporate
C0264,Varun Kapoor,Delhi,Delhi,Corporate
C0265,Isha Rao,Delhi,Delhi,Corporate
C0266,Vikram Singh,Hyderabad,Telangana,Consumer
C0267,Kiran Kapoor,Kolkata,West Bengal,Consumer
C0268,Kavya Nair,Hyderabad,Telangana,Small Business
C0269,Ananya Bhat,Jaipur,Rajasthan,Consumer
C0270,Aditya Gupta,Bengaluru,Karnataka,Corporate
C0271,Divya Iyer,Ahmedabad,Gujarat,Small Business
C0272,Ananya Gupta,Kolkata,West Bengal,Consumer
C0273,Meera Verma,Mumbai,Maharashtra,Corporate
C0274,Amit Mehta,Ahmedabad,Gujarat,Consumer
C0275,Amit Das,Bengaluru,Karnataka,Consumer
C0276,Ananya Joshi,Lucknow,Uttar Pradesh,Consumer
C0277,Aditya Reddy,Chandigarh,Chandigarh,Consumer
C0278,Pooja Kumar,Jaipur,Rajasthan,Corporate
C0279,Varun Bhat,Jaipur,Rajasthan,Corporate
C0280,Kiran Rao,Mumbai,Maharashtra,Corporate
C0281,Rohan Patel,Kolkata,West Bengal,Consumer
C0282,Nikhil Bhat,Kochi,Kerala,Consumer
C0283,Arjun Gupta,Delhi,Delhi,Corporate
C0284,Priya Nair,Kolkata,West Bengal,Consumer
C0285,Priya Patel,Chandigarh,Chandigarh,Small Business
C0286,Priya Verma,Kochi,Kerala,Corporate
C0287,Amit Joshi,Jaipur,Rajasthan,Corporate
C0288,Amit Rao,Hyderabad,Telangana,Small Business
C0289,Aarav Kumar,Chandigarh,Chandigarh,Consumer
C0290,Kavya Patel,Bengaluru,Karnataka,Corporate
C0291,Meera Kapoor,Mumbai,Maharashtra,Consumer
C0292,Divya Nair,Bengaluru,Karnataka,Small Business
C0293,Rahul Nair,Chandigarh,Chandigarh,Consumer
C0294,Divya Iyer,Chennai,Tamil Nadu,Corporate
C0295,Vikram Sharma,Chennai,Tamil Nadu,Small Business
C0296,Sneha Kapoor,Lucknow,Uttar Pradesh,Consumer
C0297,Nikhil Reddy,Kolkata,West Bengal,Consumer
C0298,Vikram Rao,Jaipur,Rajasthan,Corporate
C0299,Ananya Bhat,Jaipur,Rajasthan,Consumer
C0300,Ananya Gupta,Delhi,Delhi,Consumer
C0301,Priya Sharma,Delhi,Delhi,Consumer
C0302,Rahul Gupta,Delhi,Delhi,Consumer
C0303,Rohan Iyer,Hyderabad,Telangana,Small Business
C0304,Nikhil Iyer,Ahmedabad,Gujarat,Consumer
C0305,Vikram Nair,Pune,Maharashtra,Consumer
C0306,Ananya Kapoor,Ahmedabad,Gujarat,Consumer
C0307,Meera Nair,Bengaluru,Karnataka,Consumer
C0308,Vikram Verma,Ahmedabad,Gujarat,Consumer
C0309,Rahul Sharma,Hyderabad,Telangana,Consumer
C0310,Divya Das,Lucknow,Uttar Pradesh,Consumer
C0311,Nikhil Singh,Bengaluru,Karnataka,Consumer
C0312,Riya Kumar,Ahmedabad,Gujarat,Corporate
C0313,Varun Mehta,Hyderabad,Telangana,Consumer
C0314,Arjun Reddy,Pune,Maharashtra,Corporate
C0315,Aarav Rao,Ahmedabad,Gujarat,Consumer
C0316,Sneha Kapoor,Hyderabad,Telangana,Consumer
C0317,Ananya Gupta,Delhi,Delhi,Corporate
C0318,Rahul Sharma,Jaipur,Rajasthan,Consumer
C0319,Divya Patel,Delhi,Delhi,Small Business
C0320,Nikhil Joshi,Jaipur,Rajasthan,Corporate
C0321,Pooja Verma,Mumbai,Maharashtra,Consumer
C0322,Neha Joshi,Mumbai,Maharashtra,Corporate
C0323,Meera Mehta,Mumbai,Maharashtra,Corporate
C0324,Amit Gupta,Pune,Maharashtra,Consumer
C0325,Neha Kapoor,Delhi,Delhi,Consumer
C0326,Meera Patel,Jaipur,Rajasthan,Consumer
C0327,Riya Iyer,Hyderabad,Telangana,Small Business
C0328,Rahul Gupta,Bengaluru,Karnataka,Corporate
C0329,Divya Singh,Hyderabad,Telangana,Small Business
C0330,Rahul Nair,Bengaluru,Karnataka,Corporate
C0331,Meera Kapoor,Chennai,Tamil Nadu,Consumer
C0332,Meera Iyer,Hyderabad,Telangana,Consumer
C0333,Amit Bhat,Ahmedabad,Gujarat,Corporate
C0334,Divya Nair,Ahmedabad,Gujarat,Corporate
C0335,Priya Mehta,Kolkata,West Bengal,Small Business
C0336,Sneha Mehta,Delhi,Delhi,Consumer
C0337,Ananya Das,Bengaluru,Karnataka,Consumer
C0338,Neha Verma,Bengaluru,Karnataka,Corporate
C0339,Aditya Sharma,Chandigarh,Chandigarh,Corporate
C0340,Neha Singh,Lucknow,Uttar Pradesh,Consumer
C0341,Kavya Bhat,Delhi,Delhi,Corporate
C0342,Kavya Bhat,Pune,Maharashtra,Consumer
C0343,Nikhil Kapoor,Kolkata,West Bengal,Corporate
C0344,Sneha Verma,Pune,Maharashtra,Corporate
C0345,Aditya Mehta,Pune,Maharashtra,Small Business
C0346,Aarav Joshi,Pune,Maharashtra,Corporate
C0347,Sneha Mehta,Delhi,Delhi,Consumer
C0348,Neha Verma,Pune,Maharashtra,Consumer
C0349,Varun Das,Ahmedabad,Gujarat,Small Business
C0350,Rohan Sharma,Lucknow,Uttar Pradesh,Consumer
C0351,Divya Mehta,Lucknow,Uttar Pradesh,Small Business
C0352,Meera Kapoor,Mumbai,Maharashtra,Consumer
C0353,Pooja Kumar,Chennai,Tamil Nadu,Corporate
C0354,Riya Sharma,Bengaluru,Karnataka,Corporate
C0355,Isha Das,Chandigarh,Chandigarh,Small Business
C0356,Kavya Joshi,Bengaluru,Karnataka,Consumer
C0357,Aarav Patel,Chennai,Tamil Nadu,Corporate
C0358,Aarav Sharma,Chandigarh,Chandigarh,Consumer
C0359,Rohan Gupta,Delhi,Delhi,Consumer
C0360,Aarav Gupta,Hyderabad,Telangana,Corporate
C0361,Riya Rao,Delhi,Delhi,Corporate
C0362,Kiran Patel,Bengaluru,Karnataka,Small Business
C0363,Sneha Iyer,Bengaluru,Karnataka,Consumer
C0364,Meera Rao,Chandigarh,Chandigarh,Consumer
C0365,Kavya Kapoor,Chandigarh,Chandigarh,Consumer
C0366,Ananya Rao,Chennai,Tamil Nadu,Consumer
C0367,Divya Sharma,Pune,Maharashtra,Consumer
C0368,Neha Verma,Delhi,Delhi,Corporate
C0369,Rahul Verma,Chandigarh,Chandigarh,Consumer
C0370,Sneha Mehta,Jaipur,Rajasthan,Small Business
C0371,Sneha Mehta,Chennai,Tamil Nadu,Small Business
C0372,Kiran Kapoor,Ahmedabad,Gujarat,Corporate
C0373,Rohan Patel,Bengaluru,Karnataka,Small Business
C0374,Divya Das,Chennai,Tamil Nadu,Corporate
C0375,Neha Patel,Delhi,Delhi,Consumer
C0376,Riya Bhat,Chandigarh,Chandigarh,Consumer
C0377,Nikhil Verma,Bengaluru,Karnataka,Consumer
C0378,Kiran Verma,Hyderabad,Telangana,Consumer
C0379,Riya Nair,Chennai,Tamil Nadu,Small Business
C0380,Sneha Rao,Kolkata,West Bengal,Consumer
C0381,Rahul Kapoor,Bengaluru,Karnataka,Small Business
C0382,Rohan Joshi,Delhi,Delhi,Corporate
C0383,Isha Bhat,Mumbai,Maharashtra,Consumer
C0384,Vikram Patel,Jaipur,Rajasthan,Small Business
C0385,Divya Iyer,Kochi,Kerala,Consumer
C0386,Divya Gupta,Pune,Maharashtra,Consumer
C0387,Aditya Reddy,Kochi,Kerala,Corporate
C0388,Varun Iyer,Delhi,Delhi,Consumer
C0389,Meera Nair,Ahmedabad,Gujarat,Corporate
C0390,Aditya Das,Ahmedabad,Gujarat,Consumer
C0391,Varun Joshi,Mumbai,Maharashtra,Consumer
C0392,Kavya Kumar,Pune,Maharashtra,Small Business
C0393,Kavya Reddy,Kolkata,West Bengal,Consumer
C0394,Arjun Das,Mumbai,Maharashtra,Consumer
C0395,Rohan Verma,Lucknow,Uttar Pradesh,Consumer
C0396,Rahul Joshi,Kochi,Kerala,Small Business
C0397,Isha Reddy,Mumbai,Maharashtra,Consumer
C0398,Rahul Gupta,Kochi,Kerala,Consumer
C0399,Nikhil Sharma,Bengaluru,Karnataka,Consumer
C0400,Kiran Joshi,Ahmedabad,Gujarat,Consumer
C0401,Amit Bhat,Bengaluru,Karnataka,Corporate
C0402,Riya Singh,Jaipur,Rajasthan,Corporate
C0403,Priya Joshi,Lucknow,Uttar Pradesh,Consumer
C0404,Divya Bhat,Pune,Maharashtra,Corporate
C0405,Riya Joshi,Kolkata,West Bengal,Consumer
C0406,Kavya Sharma,Kochi,Kerala,Small Business
C0407,Varun Mehta,Kolkata,West Bengal,Small Business
C0408,Priya Rao,Kochi,Kerala,Consumer
C0409,Ananya Nair,Delhi,Delhi,Small Business
C0410,Ananya Kapoor,Mumbai,Maharashtra,Corporate
C0411,Ananya Nair,Jaipur,Rajasthan,Consumer
C0412,Sneha Iyer,Ahmedabad,Gujarat,Consumer
C0413,Isha Reddy,Chandigarh,Chandigarh,Consumer
C0414,Varun Rao,Kochi,Kerala,Corporate
C0415,Divya Reddy,Kolkata,West Bengal,Small Business
C0416,Aditya Patel,Jaipur,Rajasthan,Corporate
C0417,Neha Singh,Hyderabad,Telangana,Small Business
C0418,Nikhil Sharma,Hyderabad,Telangana,Corporate
C0419,Rahul Rao,Bengaluru,Karnataka,Corporate
C0420,Neha Nair,Ahmedabad,Gujarat,Corporate
C0421,Pooja Bhat,Chandigarh,Chandigarh,Consumer
C0422,Isha Joshi,Delhi,Delhi,Consumer
C0423,Meera Bhat,Kolkata,West Bengal,Corporate
C0424,Ananya Iyer,Chandigarh,Chandigarh,Consumer
C0425,Arjun Singh,Mumbai,Maharashtra,Corporate
C0426,Sneha Gupta,Mumbai,Maharashtra,Consumer
C0427,Rohan Bhat,Kolkata,West Bengal,Consumer
C0428,Nikhil Bhat,Pune,Maharashtra,Corporate
C0429,Kiran Mehta,Delhi,Delhi,Consumer
C0430,Riya Patel,Jaipur,Rajasthan,Consumer
C0431,Kiran Kumar,Kochi,Kerala,Consumer
C0432,Amit Verma,Pune,Maharashtra,Small Business
C0433,Ananya Reddy,Kochi,Kerala,Consumer
C0434,Arjun Singh,Kochi,Kerala,Small Business
C0435,Aarav Das,Pune,Maharashtra,Consumer
C0436,Divya Das,Bengaluru,Karnataka,Small Business
C0437,Priya Gupta,Hyderabad,Telangana,Small Business
C0438,Nikhil Kapoor,Kochi,Kerala,Consumer
C0439,Vikram Rao,Pune,Maharashtra,Consumer
C0440,Rahul Kumar,Pune,Maharashtra,Consumer
C0441,Meera Rao,Lucknow,Uttar Pradesh,Corporate
C0442,Isha Joshi,Chandigarh,Chandigarh,Consumer
C0443,Rohan Sharma,Chennai,Tamil Nadu,Consumer
C0444,Arjun Nair,Bengaluru,Karnataka,Consumer
C0445,Neha Verma,Ahmedabad,Gujarat,Consumer
C0446,Divya Sharma,Chennai,Tamil Nadu,Consumer
C0447,Riya Joshi,Chandigarh,Chandigarh,Corporate
C0448,Vikram Singh,Chandigarh,Chandigarh,Small Business
C0449,Nikhil Singh,Chandigarh,Chandigarh,Consumer
C0450,Divya Singh,Chennai,Tamil Nadu,Consumer
C0451,Amit Sharma,Kolkata,West Bengal,Consumer
C0452,Divya Das,Hyderabad,Telangana,Corporate
C0453,Nikhil Kapoor,Pune,Maharashtra,Small Business
C0454,Sneha Joshi,Hyderabad,Telangana,Small Business
C0455,Riya Patel,Delhi,Delhi,Small Business
C0456,Meera Patel,Kolkata,West Bengal,Consumer
C0457,Rohan Kapoor,Ahmedabad,Gujarat,Corporate
C0458,Arjun Nair,Hyderabad,Telangana,Corporate
C0459,Aarav Iyer,Mumbai,Maharashtra,Consumer
C0460,Rahul Kumar,Chandigarh,Chandigarh,Small Business
C0461,Arjun Singh,Kochi,Kerala,Consumer
C0462,Arjun Sharma,Delhi,Delhi,Corporate
C0463,Amit Reddy,Bengaluru,Karnataka,Consumer
C0464,Meera Joshi,Ahmedabad,Gujarat,Consumer
C0465,Isha Nair,Delhi,Delhi,Corporate
C0466,Kavya Das,Chandigarh,Chandigarh,Consumer
C0467,Vikram Bhat,Kochi,Kerala,Consumer
C0468,Ananya Mehta,Kolkata,West Bengal,Consumer
C0469,Kavya Gupta,Kochi,Kerala,Corporate
C0470,Kiran Kapoor,Chennai,Tamil Nadu,Consumer
C0471,Nikhil Verma,Kochi,Kerala,Consumer
C0472,Kavya Iyer,Chennai,Tamil Nadu,Small Business
C0473,Divya Kumar,Kolkata,West Bengal,Corporate
C0474,Riya Iyer,Jaipur,Rajasthan,Consumer
C0475,Aditya Nair,Chandigarh,Chandigarh,Corporate
C0476,Pooja Patel,Chennai,Tamil Nadu,Corporate
C0477,Isha Joshi,Bengaluru,Karnataka,Small Business
C0478,Neha Patel,Kochi,Kerala,Consumer
C0479,Aarav Iyer,Kochi,Kerala,Consumer
C0480,Neha Gupta,Bengaluru,Karnataka,Consumer
C0481,Sneha Singh,Mumbai,Maharashtra,Consumer
C0482,Nikhil Kumar,Pune,Maharashtra,Corporate
C0483,Nikhil Patel,Jaipur,Rajasthan,Consumer
C0484,Aarav Iyer,Ahmedabad,Gujarat,Corporate
C0485,Vikram Rao,Chennai,Tamil Nadu,Consumer
C0486,Kavya Patel,Bengaluru,Karnataka,Consumer
C0487,Amit Rao,Kolkata,West Bengal,Small Business
C0488,Neha Kapoor,Chennai,Tamil Nadu,Consumer
C0489,Neha Sharma,Pune,Maharashtra,Consumer
C0490,Divya Verma,Kolkata,West Bengal,Corporate
C0491,Neha Mehta,Delhi,Delhi,Consumer
C0492,Meera Nair,Chandigarh,Chandigarh,Corporate
C0493,Aarav Sharma,Kochi,Kerala,Corporate
C0494,Varun Kapoor,Delhi,Delhi,Consumer
C0495,Pooja Bhat,Chennai,Tamil Nadu,Corporate
C0496,Pooja Singh,Pune,Maharashtra,Consumer
C0497,Rohan Rao,Jaipur,Rajasthan,Consumer
C0498,Ananya Patel,Chandigarh,Chandigarh,Consumer
C0499,Sneha Kapoor,Chennai,Tamil Nadu,Consumer
C0500,Rohan Sharma,Bengaluru,Karnataka,Small Business
C0501,Rohan Mehta,Hyderabad,Telangana,Consumer
C0502,Pooja Gupta,Chennai,Tamil Nadu,Consumer
C0503,Rohan Singh,Chandigarh,Chandigarh,Consumer
C0504,Aditya Kapoor,Kochi,Kerala,Corporate
C0505,Rohan Verma,Kochi,Kerala,Consumer
C0506,Priya Patel,Chennai,Tamil Nadu,Consumer
C0507,Sneha Bhat,Kolkata,West Bengal,Corporate
C0508,Priya Kumar,Hyderabad,Telangana,Consumer
C0509,Varun Kumar,Bengaluru,Karnataka,Consumer
C0510,Ananya Patel,Chennai,Tamil Nadu,Consumer
C0511,Aditya Mehta,Kolkata,West Bengal,Consumer
C0512,Varun Gupta,Kochi,Kerala,Small Business
C0513,Vikram Sharma,Kochi,Kerala,Consumer
C0514,Kiran Mehta,Pune,Maharashtra,Consumer
C0515,Nikhil Sharma,Chennai,Tamil Nadu,Consumer
C0516,Divya Rao,Hyderabad,Telangana,Corporate
C0517,Kiran Kapoor,Mumbai,Maharashtra,Corporate
C0518,Varun Joshi,Hyderabad,Telangana,Consumer
C0519,Aarav Sharma,Kochi,Kerala,Corporate
C0520,Amit Reddy,Kochi,Kerala,Corporate
C0521,Divya Kumar,Delhi,Delhi,Small Business
C0522,Vikram Reddy,Kochi,Kerala,Corporate
C0523,Neha Bhat,Bengaluru,Karnataka,Consumer
C0524,Meera Rao,Ahmedabad,Gujarat,Consumer
C0525,Ananya Bhat,Chennai,Tamil Nadu,Consumer
C0526,Rohan Reddy,Hyderabad,Telangana,Consumer
C0527,Neha Patel,Ahmedabad,Gujarat,Small Business
C0528,Sneha Joshi,Kolkata,West Bengal,Consumer
C0529,Divya Singh,Mumbai,Maharashtra,Consumer
C0530,Ananya Singh,Bengaluru,Karnataka,Corporate
C0531,Nikhil Joshi,Chandigarh,Chandigarh,Consumer
C0532,Priya Kapoor,Lucknow,Uttar Pradesh,Consumer
C0533,Vikram Iyer,Hyderabad,Telangana,Consumer
C0534,Sneha Bhat,Ahmedabad,Gujarat,Consumer
C0535,Kavya Joshi,Chandigarh,Chandigarh,Corporate
C0536,Vikram Gupta,Mumbai,Maharashtra,Consumer
C0537,Vikram Iyer,Delhi,Delhi,Consumer
C0538,Pooja Kapoor,Chandigarh,Chandigarh,Consumer
C0539,Nikhil Mehta,Bengaluru,Karnataka,Consumer
C0540,Priya Verma,Bengaluru,Karnataka,Corporate
C0541,Varun Kapoor,Delhi,Delhi,Consumer
C0542,Priya Singh,Lucknow,Uttar Pradesh,Consumer
C0543,Aditya Kumar,Chennai,Tamil Nadu,Small Business
C0544,Varun Patel,Chandigarh,Chandigarh,Corporate
C0545,Meera Gupta,Delhi,Delhi,Consumer
C0546,Priya Singh,Bengaluru,Karnataka,Consumer
C0547,Riya Bhat,Bengaluru,Karnataka,Corporate
C0548,Nikhil Joshi,Ahmedabad,Gujarat,Corporate
C0549,Rahul Das,Kochi,Kerala,Consumer
C0550,Pooja Rao,Lucknow,Uttar Pradesh,Small Business
C0551,Priya Bhat,Chandigarh,Chandigarh,Consumer
C0552,Kavya Patel,Chandigarh,Chandigarh,Consumer
C0553,Amit Gupta,Mumbai,Maharashtra,Consumer
C0554,Priya Rao,Delhi,Delhi,Consumer
C0555,Vikram Iyer,Mumbai,Maharashtra,Corporate
C0556,Divya Rao,Delhi,Delhi,Consumer
C0557,Kiran Gupta,Kolkata,West Bengal,Consumer
C0558,Kiran Kapoor,Bengaluru,Karnataka,Small Business
C0559,Amit Rao,Kochi,Kerala,Consumer
C0560,Isha Das,Ahmedabad,Gujarat,Consumer
C0561,Priya Nair,Kochi,Kerala,Consumer
C0562,Priya Kumar,Kochi,Kerala,Consumer
C0563,Kiran Kumar,Kochi,Kerala,Consumer
C0564,Aarav Joshi,Mumbai,Maharashtra,Corporate
C0565,Aditya Rao,Delhi,Delhi,Consumer
C0566,Nikhil Verma,Jaipur,Rajasthan,Consumer
C0567,Aditya Iyer,Kolkata,West Bengal,Corporate
C0568,Rohan Rao,Hyderabad,Telangana,Corporate
C0569,Rohan Kapoor,Kochi,Kerala,Consumer
C0570,Isha Das,Chennai,Tamil Nadu,Consumer
C0571,Isha Das,Mumbai,Maharashtra,Consumer
C0572,Pooja Sharma,Lucknow,Uttar Pradesh,Consumer
C0573,Arjun Nair,Ahmedabad,Gujarat,Consumer
C0574,Kavya Das,Hyderabad,Telangana,Consumer
C0575,Varun Nair,Jaipur,Rajasthan,Small Business
C0576,Kiran Rao,Chennai,Tamil Nadu,Consumer
C0577,Kavya Reddy,Jaipur,Rajasthan,Corporate
C0578,Priya Rao,Hyderabad,Telangana,Consumer
C0579,Aarav Iyer,Kochi,Kerala,Corporate
C0580,Kavya Singh,Chennai,Tamil Nadu,Corporate
C0581,Nikhil Sharma,Jaipur,Rajasthan,Corporate
C0582,Rahul Joshi,Ahmedabad,Gujarat,Consumer
C0583,Ananya Sharma,Delhi,Delhi,Consumer
C0584,Amit Kumar,Bengaluru,Karnataka,Consumer
C0585,Pooja Singh,Delhi,Delhi,Corporate
C0586,Nikhil Reddy,Hyderabad,Telangana,Consumer
C0587,Kiran Verma,Mumbai,Maharashtra,Consumer
C0588,Isha Mehta,Bengaluru,Karnataka,Consumer
C0589,Meera Gupta,Kolkata,West Bengal,Consumer
C0590,Ananya Reddy,Ahmedabad,Gujarat,Consumer
C0591,Kiran Singh,Kolkata,West Bengal,Consumer
C0592,Kavya Reddy,Chennai,Tamil Nadu,Small Business
C0593,Isha Kumar,Chandigarh,Chandigarh,Corporate
C0594,Kiran Mehta,Bengaluru,Karnataka,Small Business
C0595,Amit Verma,Kolkata,West Bengal,Consumer
C0596,Kiran Das,Kolkata,West Bengal,Small Business
C0597,Meera Reddy,Jaipur,Rajasthan,Corporate
C0598,Priya Rao,Delhi,Delhi,Corporate
C0599,Sneha Rao,Jaipur,Rajasthan,Corporate
C0600,Kiran Gupta,Bengaluru,Karnataka,Consumer
C0601,Meera Nair,Bengaluru,Karnataka,Corporate
C0602,Neha Singh,Hyderabad,Telangana,Consumer
C0603,Aarav Nair,Jaipur,Rajasthan,Consumer
C0604,Rahul Mehta,Pune,Maharashtra,Consumer
C0605,Neha Sharma,Lucknow,Uttar Pradesh,Small Business
C0606,Sneha Mehta,Delhi,Delhi,Small Business
C0607,Kiran Nair,Bengaluru,Karnataka,Small Business
C0608,Aditya Sharma,Hyderabad,Telangana,Corporate
C0609,Ananya Joshi,Chandigarh,Chandigarh,Consumer
C0610,Arjun Joshi,Jaipur,Rajasthan,Consumer
C0611,Neha Kumar,Delhi,Delhi,Consumer
C0612,Neha Patel,Chandigarh,Chandigarh,Consumer
C0613,Rahul Kumar,Jaipur,Rajasthan,Consumer
C0614,Divya Gupta,Kolkata,West Bengal,Consumer
C0615,Rahul Kumar,Chandigarh,Chandigarh,Consumer
C0616,Sneha Patel,Hyderabad,Telangana,Small Business
C0617,Divya Patel,Delhi,Delhi,Consumer
C0618,Sneha Sharma,Kochi,Kerala,Small Business
C0619,Rahul Patel,Chennai,Tamil Nadu,Corporate
C0620,Riya Das,Chennai,Tamil Nadu,Consumer
C0621,Divya Rao,Delhi,Delhi,Consumer
C0622,Priya Singh,Chandigarh,Chandigarh,Consumer
C0623,Aditya Gupta,Jaipur,Rajasthan,Consumer
C0624,Nikhil Mehta,Hyderabad,Telangana,Corporate
C0625,Pooja Rao,Lucknow,Uttar Pradesh,Consumer
C0626,Pooja Joshi,Chennai,Tamil Nadu,Consumer
C0627,Amit Joshi,Hyderabad,Telangana,Consumer
C0628,Neha Nair,Chennai,Tamil Nadu,Small Business
C0629,Rahul Bhat,Kolkata,West Bengal,Corporate
C0630,Aditya Iyer,Jaipur,Rajasthan,Corporate
C0631,Varun Das,Kolkata,West Bengal,Consumer
C0632,Arjun Nair,Chennai,Tamil Nadu,Corporate
C0633,Neha Das,Kochi,Kerala,Corporate
C0634,Divya Sharma,Kochi,Kerala,Corporate
C0635,Riya Kumar,Kolkata,West Bengal,Small Business
C0636,Kavya Das,Kochi,Kerala,Consumer
C0637,Kiran Sharma,Chennai,Tamil Nadu,Small Business
C0638,Pooja Joshi,Delhi,Delhi,Small Business
C0639,Sneha Nair,Kolkata,West Bengal,Consumer
C0640,Ananya Gupta,Lucknow,Uttar Pradesh,Consumer
C0641,Meera Nair,Lucknow,Uttar Pradesh,Small Business
C0642,Aarav Iyer,Mumbai,Maharashtra,Consumer
C0643,Kavya Gupta,Chandigarh,Chandigarh,Consumer
C0644,Ananya Mehta,Jaipur,Rajasthan,Small Business
C0645,Ananya Verma,Kochi,Kerala,Consumer
C0646,Rohan Sharma,Kochi,Kerala,Consumer
C0647,Vikram Reddy,Chandigarh,Chandigarh,Corporate
C0648,Riya Bhat,Bengaluru,Karnataka,Consumer
C0649,Priya Patel,Pune,Maharashtra,Consumer
C0650,Sneha Reddy,Kolkata,West Bengal,Consumer
C0651,Vikram Kapoor,Ahmedabad,Gujarat,Corporate
C0652,Arjun Nair,Kochi,Kerala,Consumer
C0653,Isha Joshi,Jaipur,Rajasthan,Corporate
C0654,Nikhil Sharma,Mumbai,Maharashtra,Corporate
C0655,Isha Kumar,Lucknow,Uttar Pradesh,Consumer
C0656,Kavya Gupta,Kochi,Kerala,Corporate
C0657,Rahul Bhat,Mumbai,Maharashtra,Consumer
C0658,Isha Bhat,Chennai,Tamil Nadu,Corporate
C0659,Meera Kumar,Chennai,Tamil Nadu,Consumer
C0660,Rahul Iyer,Pune,Maharashtra,Small Business
C0661,Riya Bhat,Delhi,Delhi,Consumer
C0662,Rohan Kapoor,Ahmedabad,Gujarat,Consumer
C0663,Rahul Patel,Bengaluru,Karnataka,Corporate
C0664,Ananya Reddy,Pune,Maharashtra,Consumer
C0665,Kavya Bhat,Hyderabad,Telangana,Consumer
C0666,Riya Patel,Bengaluru,Karnataka,Consumer
C0667,Isha Mehta,Kolkata,West Bengal,Corporate
C0668,Ananya Mehta,Jaipur,Rajasthan,Corporate
C0669,Aarav Nair,Hyderabad,Telangana,Consumer
C0670,Meera Sharma,Hyderabad,Telangana,Consumer
C0671,Meera Kumar,Pune,Maharashtra,Consumer
C0672,Meera Gupta,Chandigarh,Chandigarh,Corporate
C0673,Riya Reddy,Delhi,Delhi,Corporate
C0674,Rahul Mehta,Chandigarh,Chandigarh,Consumer
C0675,Sneha Mehta,Pune,Maharashtra,Consumer
C0676,Aditya Singh,Kolkata,West Bengal,Consumer
C0677,Ananya Das,Lucknow,Uttar Pradesh,Consumer
C0678,Ananya Nair,Kochi,Kerala,Consumer
C0679,Nikhil Nair,Kochi,Kerala,Consumer
C0680,Aditya Joshi,Delhi,Delhi,Corporate
C0681,Divya Joshi,Kolkata,West Bengal,Consumer
C0682,Aditya Kapoor,Delhi,Delhi,Small Business
C0683,Meera Nair,Mumbai,Maharashtra,Consumer
C0684,Kavya Gupta,Chandigarh,Chandigarh,Corporate
C0685,Sneha Gupta,Kochi,Kerala,Corporate
C0686,Vikram Bhat,Hyderabad,Telangana,Consumer
C0687,Ananya Joshi,Chandigarh,Chandigarh,Consumer
C0688,Varun Kapoor,Ahmedabad,Gujarat,Corporate
C0689,Varun Singh,Jaipur,Rajasthan,Consumer
C0690,Varun Patel,Kolkata,West Bengal,Small Business
C0691,Isha Mehta,Bengaluru,Karnataka,Consumer
C0692,Ananya Bhat,Delhi,Delhi,Small Business
C0693,Vikram Patel,Chandigarh,Chandigarh,Consumer
C0694,Nikhil Mehta,Jaipur,Rajasthan,Corporate
C0695,Varun Mehta,Chandigarh,Chandigarh,Corporate
C0696,Rahul Singh,Bengaluru,Karnataka,Corporate
C0697,Rohan Joshi,Jaipur,Rajasthan,Consumer
C0698,Meera Reddy,Ahmedabad,Gujarat,Corporate
C0699,Kiran Joshi,Bengaluru,Karnataka,Consumer
C0700,Aarav Nair,Pune,Maharashtra,Corporate
C0701,Priya Iyer,Chennai,Tamil Nadu,Consumer
C0702,Neha Sharma,Pune,Maharashtra,Small Business
C0703,Arjun Iyer,Kochi,Kerala,Consumer
C0704,Riya Gupta,Chandigarh,Chandigarh,Corporate
C0705,Riya Nair,Chennai,Tamil Nadu,Small Business
C0706,Sneha Iyer,Pune,Maharashtra,Corporate
C0707,Kavya Kapoor,Chennai,Tamil Nadu,Consumer
C0708,Arjun Nair,Lucknow,Uttar Pradesh,Consumer
C0709,Rahul Iyer,Chandigarh,Chandigarh,Small Business
C0710,Meera Iyer,Chennai,Tamil Nadu,Consumer
C0711,Arjun Gupta,Hyderabad,Telangana,Consumer
C0712,Arjun Bhat,Delhi,Delhi,Corporate
C0713,Ananya Bhat,Delhi,Delhi,Corporate
C0714,Sneha Kapoor,Hyderabad,Telangana,Consumer
C0715,Isha Iyer,Jaipur,Rajasthan,Corporate
C0716,Kiran Singh,Mumbai,Maharashtra,Corporate
C0717,Aarav Gupta,Jaipur,Rajasthan,Consumer
C0718,Kavya Gupta,Bengaluru,Karnataka,Small Business
C0719,Kavya Singh,Bengaluru,Karnataka,Consumer
C0720,Aditya Nair,Chennai,Tamil Nadu,Consumer
C0721,Amit Reddy,Pune,Maharashtra,Consumer
C0722,Amit Joshi,Pune,Maharashtra,Consumer
C0723,Vikram Kapoor,Delhi,Delhi,Small Business
C0724,Riya Iyer,Kolkata,West Bengal,Consumer
C0725,Priya Patel,Jaipur,Rajasthan,Consumer
C0726,Riya Joshi,Lucknow,Uttar Pradesh,Consumer
C0727,Kavya Das,Chandigarh,Chandigarh,Corporate
C0728,Rahul Mehta,Kochi,Kerala,Corporate
C0729,Riya Gupta,Ahmedabad,Gujarat,Consumer
C0730,Sneha Rao,Pune,Maharashtra,Consumer
C0731,Isha Gupta,Chandigarh,Chandigarh,Small Business
C0732,Amit Mehta,Ahmedabad,Gujarat,Consumer
C0733,Amit Das,Chandigarh,Chandigarh,Consumer
C0734,Rohan Mehta,Chennai,Tamil Nadu,Consumer
C0735,Aarav Patel,Ahmedabad,Gujarat,Corporate
C0736,Pooja Gupta,Kochi,Kerala,Consumer
C0737,Aarav Rao,Chandigarh,Chandigarh,Consumer
C0738,Kavya Rao,Hyderabad,Telangana,Consumer
C0739,Neha Singh,Kochi,Kerala,Small Business
C0740,Vikram Iyer,Ahmedabad,Gujarat,Consumer
C0741,Ananya Das,Kochi,Kerala,Corporate
C0742,Neha Sharma,Chandigarh,Chandigarh,Consumer
C0743,Nikhil Sharma,Mumbai,Maharashtra,Consumer
C0744,Aditya Reddy,Chandigarh,Chandigarh,Corporate
C0745,Arjun Joshi,Chandigarh,Chandigarh,Consumer
C0746,Aarav Iyer,Chennai,Tamil Nadu,Small Business
C0747,Arjun Das,Jaipur,Rajasthan,Small Business
C0748,Aditya Das,Hyderabad,Telangana,Small Business
C0749,Vikram Sharma,Lucknow,Uttar Pradesh,Consumer
C0750,Aditya Reddy,Pune,Maharashtra,Corporate
C0751,Rahul Das,Bengaluru,Karnataka,Consumer
C0752,Amit Singh,Jaipur,Rajasthan,Small Business
C0753,Riya Singh,Bengaluru,Karnataka,Corporate
C0754,Neha Rao,Chennai,Tamil Nadu,Corporate
C0755,Meera Nair,Hyderabad,Telangana,Consumer
C0756,Vikram Nair,Chandigarh,Chandigarh,Consumer
C0757,Nikhil Reddy,Delhi,Delhi,Consumer
C0758,Kiran Reddy,Pune,Maharashtra,Corporate
C0759,Varun Verma,Mumbai,Maharashtra,Consumer
C0760,Arjun Singh,Delhi,Delhi,Consumer
C0761,Neha Rao,Chennai,Tamil Nadu,Corporate
C0762,Sneha Kapoor,Jaipur,Rajasthan,Corporate
C0763,Pooja Joshi,Mumbai,Maharashtra,Consumer
C0764,Amit Kapoor,Kochi,Kerala,Corporate
C0765,Neha Das,Ahmedabad,Gujarat,Consumer
C0766,Rohan Patel,Mumbai,Maharashtra,Consumer
C0767,Nikhil Patel,Lucknow,Uttar Pradesh,Consumer
C0768,Rahul Sharma,Chennai,Tamil Nadu,Consumer
C0769,Priya Bhat,Kolkata,West Bengal,Consumer
C0770,Priya Bhat,Ahmedabad,Gujarat,Corporate
C0771,Rohan Mehta,Bengaluru,Karnataka,Consumer
C0772,Kavya Rao,Pune,Maharashtra,Consumer
C0773,Priya Joshi,Bengaluru,Karnataka,Small Business
C0774,Neha Patel,Mumbai,Maharashtra,Consumer
C0775,Aditya Singh,Bengaluru,Karnataka,Consumer
C0776,Pooja Joshi,Lucknow,Uttar Pradesh,Corporate
C0777,Ananya Verma,Chennai,Tamil Nadu,Small Business
C0778,Isha Kapoor,Kochi,Kerala,Corporate
C0779,Amit Das,Jaipur,Rajasthan,Corporate
C0780,Kavya Iyer,Pune,Maharashtra,Corporate
C0781,Rohan Mehta,Lucknow,Uttar Pradesh,Consumer
C0782,Neha Verma,Lucknow,Uttar Pradesh,Corporate
C0783,Meera Joshi,Bengaluru,Karnataka,Consumer
C0784,Kavya Kumar,Bengaluru,Karnataka,Small Business
C0785,Riya Bhat,Mumbai,Maharashtra,Consumer
C0786,Riya Singh,Jaipur,Rajasthan,Consumer
C0787,Divya Reddy,Delhi,Delhi,Consumer
C0788,Meera Sharma,Bengaluru,Karnataka,Corporate
C0789,Rahul Rao,Chennai,Tamil Nadu,Consumer
C0790,Kiran Sharma,Kolkata,West Bengal,Small Business
C0791,Divya Mehta,Pune,Maharashtra,Corporate
C0792,Nikhil Patel,Chandigarh,Chandigarh,Consumer
C0793,Aditya Bhat,Bengaluru,Karnataka,Corporate
C0794,Neha Bhat,Chennai,Tamil Nadu,Corporate
C0795,Neha Bhat,Chennai,Tamil Nadu,Corporate
C0796,Kiran Iyer,Pune,Maharashtra,Consumer
C0797,Divya Verma,Delhi,Delhi,Consumer
C0798,Vikram Mehta,Chennai,Tamil Nadu,Consumer
C0799,Aditya Patel,Kolkata,West Bengal,Consumer
C0800,Ananya Gupta,Chennai,Tamil Nadu,Small Business
C0801,Nikhil Nair,Chennai,Tamil Nadu,Consumer
C0802,Kavya Kapoor,Chennai,Tamil Nadu,Corporate
C0803,Nikhil Reddy,Kochi,Kerala,Consumer
C0804,Divya Gupta,Kochi,Kerala,Consumer
C0805,Vikram Singh,Delhi,Delhi,Corporate
C0806,Aarav Das,Bengaluru,Karnataka,Small Business
C0807,Rahul Kapoor,Chennai,Tamil Nadu,Consumer
C0808,Varun Iyer,Jaipur,Rajasthan,Consumer
C0809,Kiran Joshi,Bengaluru,Karnataka,Consumer
C0810,Nikhil Mehta,Delhi,Delhi,Consumer
C0811,Arjun Kapoor,Hyderabad,Telangana,Consumer
C0812,Neha Rao,Bengaluru,Karnataka,Consumer
C0813,Pooja Das,Bengaluru,Karnataka,Consumer
C0814,Aarav Joshi,Ahmedabad,Gujarat,Corporate
C0815,Arjun Reddy,Mumbai,Maharashtra,Consumer
C0816,Aarav Nair,Chandigarh,Chandigarh,Consumer
C0817,Neha Reddy,Ahmedabad,Gujarat,Consumer
C0818,Isha Patel,Kolkata,West Bengal,Corporate
C0819,Vikram Mehta,Kochi,Kerala,Small Business
C0820,Isha Singh,Kochi,Kerala,Consumer
C0821,Meera Iyer,Mumbai,Maharashtra,Corporate
C0822,Ananya Mehta,Pune,Maharashtra,Consumer
C0823,Pooja Gupta,Pune,Maharashtra,Consumer
C0824,Rohan Nair,Delhi,Delhi,Consumer
C0825,Priya Kumar,Lucknow,Uttar Pradesh,Consumer
C0826,Isha Rao,Mumbai,Maharashtra,Corporate
C0827,Divya Sharma,Chandigarh,Chandigarh,Small Business
C0828,Meera Bhat,Bengaluru,Karnataka,Consumer
C0829,Ananya Singh,Pune,Maharashtra,Corporate
C0830,Riya Verma,Chandigarh,Chandigarh,Corporate
C0831,Pooja Reddy,Chennai,Tamil Nadu,Consumer
C0832,Sneha Das,Lucknow,Uttar Pradesh,Consumer
C0833,Varun Singh,Jaipur,Rajasthan,Consumer
C0834,Priya Kapoor,Bengaluru,Karnataka,Consumer
C0835,Priya Nair,Kolkata,West Bengal,Consumer
C0836,Isha Das,Chennai,Tamil Nadu,Consumer
C0837,Rahul Rao,Chennai,Tamil Nadu,Consumer
C0838,Arjun Kumar,Mumbai,Maharashtra,Corporate
C0839,Neha Iyer,Lucknow,Uttar Pradesh,Consumer
C0840,Isha Kumar,Delhi,Delhi,Small Business
C0841,Meera Nair,Kolkata,West Bengal,Consumer
C0842,Aditya Nair,Pune,Maharashtra,Corporate
C0843,Amit Iyer,Chandigarh,Chandigarh,Small Business
C0844,Kiran Nair,Mumbai,Maharashtra,Corporate
C0845,Meera Reddy,Pune,Maharashtra,Consumer
C0846,Arjun Rao,Mumbai,Maharashtra,Corporate
C0847,Riya Nair,Mumbai,Maharashtra,Consumer
C0848,Ananya Bhat,Mumbai,Maharashtra,Consumer
C0849,Kavya Reddy,Lucknow,Uttar Pradesh,Consumer
C0850,Varun Sharma,Delhi,Delhi,Consumer
C0851,Meera Reddy,Mumbai,Maharashtra,Consumer
C0852,Aditya Joshi,Hyderabad,Telangana,Small Business
C0853,Sneha Singh,Jaipur,Rajasthan,Corporate
C0854,Priya Reddy,Pune,Maharashtra,Consumer
C0855,Pooja Gupta,Bengaluru,Karnataka,Small Business
C0856,Priya Bhat,Ahmedabad,Gujarat,Consumer
C0857,Amit Iyer,Chandigarh,Chandigarh,Small Business
C0858,Aarav Patel,Kolkata,West Bengal,Consumer
C0859,Riya Sharma,Kochi,Kerala,Consumer
C0860,Nikhil Verma,Delhi,Delhi,Corporate
C0861,Aditya Sharma,Bengaluru,Karnataka,Corporate
C0862,Amit Kumar,Chennai,Tamil Nadu,Corporate
C0863,Priya Nair,Hyderabad,Telangana,Small Business
C0864,Pooja Kapoor,Kochi,Kerala,Corporate
C0865,Nikhil Kumar,Ahmedabad,Gujarat,Corporate
C0866,Nikhil Bhat,Bengaluru,Karnataka,Small Business
C0867,Vikram Iyer,Kochi,Kerala,Corporate
C0868,Rohan Rao,Bengaluru,Karnataka,Consumer
C0869,Pooja Singh,Chandigarh,Chandigarh,Small Business
C0870,Riya Gupta,Hyderabad,Telangana,Consumer
C0871,Isha Patel,Ahmedabad,Gujarat,Corporate
C0872,Rahul Gupta,Chennai,Tamil Nadu,Small Business
C0873,Vikram Sharma,Mumbai,Maharashtra,Corporate
C0874,Aditya Kumar,Pune,Maharashtra,Corporate
C0875,Amit Verma,Chennai,Tamil Nadu,Corporate
C0876,Aditya Reddy,Mumbai,Maharashtra,Consumer
C0877,Varun Rao,Lucknow,Uttar Pradesh,Small Business
C0878,Rahul Bhat,Lucknow,Uttar Pradesh,Consumer
C0879,Varun Singh,Lucknow,Uttar Pradesh,Consumer
C0880,Arjun Nair,Delhi,Delhi,Consumer
C0881,Amit Singh,Jaipur,Rajasthan,Consumer
C0882,Isha Singh,Kolkata,West Bengal,Consumer
C0883,Priya Kumar,Kolkata,West Bengal,Corporate
C0884,Priya Bhat,Lucknow,Uttar Pradesh,Consumer
C0885,Kiran Iyer,Pune,Maharashtra,Consumer
C0886,Kavya Reddy,Ahmedabad,Gujarat,Consumer
C0887,Aarav Das,Hyderabad,Telangana,Consumer
C0888,Priya Kumar,Ahmedabad,Gujarat,Corporate
C0889,Rohan Kumar,Hyderabad,Telangana,Consumer
C0890,Meera Joshi,Ahmedabad,Gujarat,Consumer
C0891,Divya Joshi,Jaipur,Rajasthan,Consumer
C0892,Riya Das,Delhi,Delhi,Consumer
C0893,Priya Singh,Delhi,Delhi,Consumer
C0894,Divya Rao,Lucknow,Uttar Pradesh,Consumer
C0895,Kiran Reddy,Mumbai,Maharashtra,Corporate
C0896,Meera Das,Kochi,Kerala,Corporate
C0897,Isha Kumar,Delhi,Delhi,Consumer
C0898,Isha Mehta,Delhi,Delhi,Small Business
C0899,Aditya Kumar,Chennai,Tamil Nadu,Consumer
C0900,Divya Mehta,Chennai,Tamil Nadu,Consumer
C0901,Aditya Nair,Mumbai,Maharashtra,Small Business
C0902,Vikram Nair,Chandigarh,Chandigarh,Consumer
C0903,Kavya Rao,Kochi,Kerala,Small Business
C0904,Vikram Mehta,Pune,Maharashtra,Consumer
C0905,Priya Patel,Chennai,Tamil Nadu,Consumer
C0906,Aarav Verma,Pune,Maharashtra,Consumer
C0907,Kiran Kumar,Bengaluru,Karnataka,Corporate
C0908,Nikhil Patel,Chennai,Tamil Nadu,Corporate
C0909,Vikram Nair,Jaipur,Rajasthan,Corporate
C0910,Nikhil Iyer,Chandigarh,Chandigarh,Consumer
C0911,Isha Rao,Kochi,Kerala,Consumer
C0912,Divya Das,Mumbai,Maharashtra,Consumer
C0913,Meera Mehta,Bengaluru,Karnataka,Consumer
C0914,Arjun Rao,Kochi,Kerala,Small Business
C0915,Kavya Singh,Lucknow,Uttar Pradesh,Consumer
C0916,Rahul Iyer,Jaipur,Rajasthan,Corporate
C0917,Arjun Das,Kochi,Kerala,Corporate
C0918,Amit Reddy,Jaipur,Rajasthan,Consumer
C0919,Varun Mehta,Jaipur,Rajasthan,Corporate
C0920,Divya Mehta,Pune,Maharashtra,Consumer
C0921,Rohan Sharma,Ahmedabad,Gujarat,Consumer
C0922,Kavya Singh,Lucknow,Uttar Pradesh,Consumer
C0923,Priya Kapoor,Bengaluru,Karnataka,Corporate
C0924,Isha Mehta,Kochi,Kerala,Consumer
C0925,Kiran Kumar,Hyderabad,Telangana,Consumer
C0926,Aarav Sharma,Bengaluru,Karnataka,Consumer
C0927,Ananya Joshi,Ahmedabad,Gujarat,Consumer
C0928,Vikram Mehta,Bengaluru,Karnataka,Corporate
C0929,Kiran Kumar,Delhi,Delhi,Corporate
C0930,Amit Sharma,Hyderabad,Telangana,Consumer
C0931,Ananya Kumar,Ahmedabad,Gujarat,Consumer
C0932,Meera Kumar,Pune,Maharashtra,Corporate
C0933,Ananya Sharma,Kochi,Kerala,Consumer
C0934,Isha Singh,Chandigarh,Chandigarh,Corporate
C0935,Arjun Patel,Kolkata,West Bengal,Consumer
C0936,Pooja Mehta,Ahmedabad,Gujarat,Consumer
C0937,Ananya Rao,Mumbai,Maharashtra,Consumer
C0938,Ananya Reddy,Kochi,Kerala,Consumer
C0939,Kiran Kumar,Lucknow,Uttar Pradesh,Corporate
C0940,Divya Das,Ahmedabad,Gujarat,Consumer
C0941,Nikhil Das,Delhi,Delhi,Corporate
C0942,Sneha Joshi,Kolkata,West Bengal,Small Business
C0943,Isha Reddy,Delhi,Delhi,Consumer
C0944,Varun Kapoor,Kolkata,West Bengal,Corporate
C0945,Amit Iyer,Lucknow,Uttar Pradesh,Consumer
C0946,Riya Rao,Chandigarh,Chandigarh,Consumer
C0947,Priya Bhat,Mumbai,Maharashtra,Corporate
C0948,Riya Kumar,Kochi,Kerala,Consumer
C0949,Nikhil Das,Pune,Maharashtra,Corporate
C0950,Neha Singh,Delhi,Delhi,Consumer
C0951,Nikhil Kumar,Delhi,Delhi,Corporate
C0952,Riya Joshi,Jaipur,Rajasthan,Small Business
C0953,Meera Verma,Kolkata,West Bengal,Small Business
C0954,Rohan Das,Chennai,Tamil Nadu,Corporate
C0955,Amit Kapoor,Chandigarh,Chandigarh,Corporate
C0956,Ananya Mehta,Kochi,Kerala,Consumer
C0957,Rahul Das,Kolkata,West Bengal,Corporate
C0958,Divya Sharma,Jaipur,Rajasthan,Consumer
C0959,Isha Nair,Bengaluru,Karnataka,Consumer
C0960,Rahul Kumar,Kolkata,West Bengal,Consumer
C0961,Kiran Nair,Pune,Maharashtra,Small Business
C0962,Kavya Verma,Kochi,Kerala,Consumer
C0963,Varun Singh,Chandigarh,Chandigarh,Consumer
C0964,Varun Verma,Jaipur,Rajasthan,Consumer
C0965,Divya Rao,Bengaluru,Karnataka,Corporate
C0966,Neha Das,Hyderabad,Telangana,Corporate
C0967,Rohan Nair,Jaipur,Rajasthan,Consumer
C0968,Arjun Singh,Hyderabad,Telangana,Consumer
C0969,Neha Iyer,Kochi,Kerala,Corporate
C0970,Rohan Kapoor,Delhi,Delhi,Consumer
C0971,Nikhil Bhat,Jaipur,Rajasthan,Consumer
C0972,Neha Patel,Mumbai,Maharashtra,Corporate
C0973,Isha Joshi,Hyderabad,Telangana,Corporate
C0974,Riya Kumar,Pune,Maharashtra,Consumer
C0975,Divya Patel,Mumbai,Maharashtra,Corporate
C0976,Kiran Reddy,Ahmedabad,Gujarat,Corporate
C0977,Aditya Reddy,Ahmedabad,Gujarat,Consumer
C0978,Kavya Verma,Bengaluru,Karnataka,Small Business
C0979,Neha Kumar,Chandigarh,Chandigarh,Corporate
C0980,Aarav Joshi,Delhi,Delhi,Corporate
C0981,Aarav Iyer,Kochi,Kerala,Corporate
C0982,Neha Singh,Jaipur,Rajasthan,Consumer
C0983,Pooja Verma,Chennai,Tamil Nadu,Consumer
C0984,Arjun Nair,Pune,Maharashtra,Consumer
C0985,Sneha Bhat,Hyderabad,Telangana,Consumer
C0986,Varun Mehta,Kochi,Kerala,Consumer
C0987,Divya Verma,Mumbai,Maharashtra,Small Business
C0988,Meera Iyer,Lucknow,Uttar Pradesh,Corporate
C0989,Pooja Sharma,Ahmedabad,Gujarat,Corporate
C0990,Aditya Iyer,Lucknow,Uttar Pradesh,Small Business
C0991,Aditya Patel,Pune,Maharashtra,Corporate
C0992,Priya Joshi,Chennai,Tamil Nadu,Consumer
C0993,Sneha Rao,Jaipur,Rajasthan,Consumer
C0994,Arjun Mehta,Bengaluru,Karnataka,Consumer
C0995,Rahul Sharma,Chennai,Tamil Nadu,Corporate
C0996,Priya Mehta,Pune,Maharashtra,Consumer
C0997,Riya Patel,Chennai,Tamil Nadu,Corporate
C0998,Arjun Reddy,Pune,Maharashtra,Consumer
C0999,Rohan Nair,Pune,Maharashtra,Corporate
C1000,Sneha Patel,Kolkata,West Bengal,Corporate
C1001,Sneha Reddy,Hyderabad,Telangana,Corporate
C1002,Divya Mehta,Lucknow,Uttar Pradesh,Small Business
C1003,Vikram Patel,Ahmedabad,Gujarat,Corporate
C1004,Nikhil Joshi,Kolkata,West Bengal,Small Business
C1005,Divya Mehta,Jaipur,Rajasthan,Small Business
C1006,Ananya Kumar,Kolkata,West Bengal,Corporate
C1007,Rahul Joshi,Delhi,Delhi,Corporate
C1008,Pooja Singh,Delhi,Delhi,Consumer
C1009,Aarav Singh,Ahmedabad,Gujarat,Consumer
C1010,Rahul Nair,Chennai,Tamil Nadu,Consumer
C1011,Ananya Mehta,Hyderabad,Telangana,Consumer
C1012,Varun Kapoor,Ahmedabad,Gujarat,Consumer
C1013,Kavya Rao,Pune,Maharashtra,Small Business
C1014,Vikram Mehta,Mumbai,Maharashtra,Small Business
C1015,Pooja Kumar,Hyderabad,Telangana,Corporate
C1016,Amit Singh,Chandigarh,Chandigarh,Consumer
C1017,Divya Verma,Lucknow,Uttar Pradesh,Consumer
C1018,Nikhil Verma,Hyderabad,Telangana,Consumer
C1019,Rahul Sharma,Pune,Maharashtra,Consumer
C1020,Riya Gupta,Pune,Maharashtra,Consumer
C1021,Pooja Patel,Bengaluru,Karnataka,Consumer
C1022,Ananya Reddy,Ahmedabad,Gujarat,Small Business
C1023,Neha Das,Pune,Maharashtra,Corporate
C1024,Nikhil Iyer,Delhi,Delhi,Consumer
C1025,Sneha Mehta,Jaipur,Rajasthan,Consumer
C1026,Riya Joshi,Mumbai,Maharashtra,Consumer
C1027,Aarav Das,Lucknow,Uttar Pradesh,Consumer
C1028,Rahul Nair,Ahmedabad,Gujarat,Small Business
C1029,Nikhil Kumar,Kochi,Kerala,Consumer
C1030,Nikhil Kapoor,Delhi,Delhi,Consumer
C1031,Rahul Mehta,Chandigarh,Chandigarh,Consumer
C1032,Meera Nair,Chennai,Tamil Nadu,Consumer
C1033,Meera Nair,Pune,Maharashtra,Corporate
C1034,Divya Sharma,Kochi,Kerala,Corporate
C1035,Kiran Mehta,Pune,Maharashtra,Corporate
C1036,Rahul Joshi,Hyderabad,Telangana,Consumer
C1037,Aditya Kapoor,Delhi,Delhi,Consumer
C1038,Kavya Reddy,Hyderabad,Telangana,Consumer
C1039,Aarav Kumar,Bengaluru,Karnataka,Small Business
C1040,Ananya Das,Hyderabad,Telangana,Consumer
C1041,Meera Kumar,Bengaluru,Karnataka,Consumer
C1042,Meera Nair,Chandigarh,Chandigarh,Corporate
C1043,Neha Bhat,Bengaluru,Karnataka,Corporate
C1044,Rahul Reddy,Kochi,Kerala,Consumer
C1045,Meera Verma,Pune,Maharashtra,Consumer
C1046,Riya Sharma,Chennai,Tamil Nadu,Consumer
C1047,Neha Das,Lucknow,Uttar Pradesh,Small Business
C1048,Meera Rao,Hyderabad,Telangana,Consumer
C1049,Sneha Iyer,Lucknow,Uttar Pradesh,Small Business
C1050,Pooja Mehta,Delhi,Delhi,Consumer
C1051,Varun Bhat,Bengaluru,Karnataka,Small Business
C1052,Varun Reddy,Pune,Maharashtra,Corporate
C1053,Isha Reddy,Mumbai,Maharashtra,Consumer
C1054,Rohan Joshi,Ahmedabad,Gujarat,Small Business
C1055,Riya Gupta,Kochi,Kerala,Consumer
C1056,Kiran Bhat,Chennai,Tamil Nadu,Small Business
C1057,Rohan Verma,Kolkata,West Bengal,Corporate
C1058,Varun Kapoor,Kochi,Kerala,Consumer
C1059,Riya Bhat,Chandigarh,Chandigarh,Corporate
C1060,Sneha Singh,Mumbai,Maharashtra,Small Business
C1061,Priya Das,Ahmedabad,Gujarat,Consumer
C1062,Amit Bhat,Mumbai,Maharashtra,Consumer
C1063,Rohan Sharma,Hyderabad,Telangana,Corporate
C1064,Riya Mehta,Bengaluru,Karnataka,Corporate
C1065,Meera Verma,Chennai,Tamil Nadu,Consumer
C1066,Rahul Mehta,Jaipur,Rajasthan,Consumer
C1067,Meera Bhat,Bengaluru,Karnataka,Consumer
C1068,Rohan Nair,Jaipur,Rajasthan,Consumer
C1069,Priya Joshi,Lucknow,Uttar Pradesh,Consumer
C1070,Neha Patel,Ahmedabad,Gujarat,Small Business
C1071,Rohan Gupta,Pune,Maharashtra,Consumer
C1072,Meera Kumar,Kolkata,West Bengal,Corporate
C1073,Rohan Das,Delhi,Delhi,Consumer
C1074,Pooja Gupta,Bengaluru,Karnataka,Consumer
C1075,Amit Bhat,Chennai,Tamil Nadu,Consumer
C1076,Divya Reddy,Chandigarh,Chandigarh,Consumer
C1077,Vikram Bhat,Chandigarh,Chandigarh,Corporate
C1078,Kavya Singh,Mumbai,Maharashtra,Small Business
C1079,Arjun Nair,Chennai,Tamil Nadu,Corporate
C1080,Arjun Reddy,Ahmedabad,Gujarat,Small Business
C1081,Divya Sharma,Lucknow,Uttar Pradesh,Small Business
C1082,Rohan Gupta,Jaipur,Rajasthan,Corporate
C1083,Rohan Nair,Mumbai,Maharashtra,Corporate
C1084,Rahul Sharma,Chandigarh,Chandigarh,Corporate
C1085,Ananya Das,Delhi,Delhi,Consumer
C1086,Aarav Das,Delhi,Delhi,Corporate
C1087,Aditya Iyer,Bengaluru,Karnataka,Consumer
C1088,Nikhil Das,Ahmedabad,Gujarat,Corporate
C1089,Divya Kumar,Pune,Maharashtra,Corporate
C1090,Divya Bhat,Chandigarh,Chandigarh,Consumer
C1091,Nikhil Kapoor,Ahmedabad,Gujarat,Consumer
C1092,Rohan Reddy,Lucknow,Uttar Pradesh,Small Business
C1093,Riya Gupta,Jaipur,Rajasthan,Corporate
C1094,Neha Singh,Chennai,Tamil Nadu,Consumer
C1095,Varun Kumar,Chandigarh,Chandigarh,Corporate
C1096,Riya Mehta,Delhi,Delhi,Corporate
C1097,Varun Nair,Chennai,Tamil Nadu,Consumer
C1098,Kiran Joshi,Chennai,Tamil Nadu,Small Business
C1099,Priya Kumar,Chennai,Tamil Nadu,Corporate
C1100,Divya Gupta,Delhi,Delhi,Consumer
C1101,Rahul Kumar,Lucknow,Uttar Pradesh,Corporate
C1102,Divya Patel,Kochi,Kerala,Small Business
C1103,Ananya Verma,Hyderabad,Telangana,Consumer
C1104,Rohan Sharma,Jaipur,Rajasthan,Consumer
C1105,Neha Iyer,Kochi,Kerala,Consumer
C1106,Sneha Kumar,Jaipur,Rajasthan,Corporate
C1107,Kavya Sharma,Mumbai,Maharashtra,Corporate
C1108,Divya Kumar,Ahmedabad,Gujarat,Corporate
C1109,Neha Reddy,Ahmedabad,Gujarat,Small Business
C1110,Isha Sharma,Kolkata,West Bengal,Corporate
C1111,Aditya Sharma,Ahmedabad,Gujarat,Consumer
C1112,Rahul Das,Delhi,Delhi,Consumer
C1113,Meera Reddy,Pune,Maharashtra,Consumer
C1114,Pooja Gupta,Bengaluru,Karnataka,Consumer
C1115,Riya Das,Kolkata,West Bengal,Corporate
C1116,Amit Gupta,Bengaluru,Karnataka,Small Business
C1117,Sneha Sharma,Jaipur,Rajasthan,Consumer
C1118,Meera Sharma,Bengaluru,Karnataka,Consumer
C1119,Neha Verma,Bengaluru,Karnataka,Corporate
C1120,Riya Joshi,Kolkata,West Bengal,Consumer
C1121,Aarav Rao,Mumbai,Maharashtra,Consumer
C1122,Kiran Singh,Chennai,Tamil Nadu,Consumer
C1123,Amit Bhat,Ahmedabad,Gujarat,Consumer
C1124,Isha Verma,Ahmedabad,Gujarat,Small Business
C1125,Rohan Mehta,Delhi,Delhi,Consumer
C1126,Arjun Sharma,Kolkata,West Bengal,Consumer
C1127,Rohan Sharma,Delhi,Delhi,Consumer
C1128,Varun Verma,Pune,Maharashtra,Small Business
C1129,Kiran Iyer,Pune,Maharashtra,Consumer
C1130,Rohan Iyer,Delhi,Delhi,Consumer
C1131,Aditya Verma,Kolkata,West Bengal,Consumer
C1132,Meera Reddy,Delhi,Delhi,Consumer
C1133,Vikram Gupta,Ahmedabad,Gujarat,Consumer
C1134,Meera Gupta,Kochi,Kerala,Corporate
C1135,Aarav Das,Hyderabad,Telangana,Consumer
C1136,Divya Reddy,Bengaluru,Karnataka,Consumer
C1137,Divya Das,Hyderabad,Telangana,Corporate
C1138,Neha Gupta,Kolkata,West Bengal,Consumer
C1139,Aditya Joshi,Lucknow,Uttar Pradesh,Consumer
C1140,Pooja Sharma,Hyderabad,Telangana,Consumer
C1141,Aditya Rao,Pune,Maharashtra,Small Business
C1142,Kiran Joshi,Jaipur,Rajasthan,Consumer
C1143,Arjun Das,Bengaluru,Karnataka,Small Business
C1144,Meera Iyer,Chennai,Tamil Nadu,Corporate
C1145,Aditya Kapoor,Lucknow,Uttar Pradesh,Consumer
C1146,Amit Kapoor,Kolkata,West Bengal,Small Business
C1147,Riya Patel,Bengaluru,Karnataka,Consumer
C1148,Kavya Patel,Hyderabad,Telangana,Consumer
C1149,Priya Bhat,Pune,Maharashtra,Corporate
C1150,Aarav Kapoor,Mumbai,Maharashtra,Corporate
C1151,Priya Patel,Kochi,Kerala,Corporate
C1152,Arjun Reddy,Chennai,Tamil Nadu,Consumer
C1153,Nikhil Joshi,Lucknow,Uttar Pradesh,Consumer
C1154,Neha Nair,Kochi,Kerala,Corporate
C1155,Amit Sharma,Bengaluru,Karnataka,Consumer
C1156,Divya Rao,Pune,Maharashtra,Consumer
C1157,Varun Kapoor,Pune,Maharashtra,Consumer
C1158,Rohan Iyer,Hyderabad,Telangana,Consumer
C1159,Ananya Kapoor,Ahmedabad,Gujarat,Small Business
C1160,Rohan Rao,Hyderabad,Telangana,Consumer
C1161,Ananya Reddy,Ahmedabad,Gujarat,Small Business
C1162,Vikram Gupta,Ahmedabad,Gujarat,Consumer
C1163,Isha Bhat,Chennai,Tamil Nadu,Corporate
C1164,Kavya Reddy,Hyderabad,Telangana,Consumer
C1165,Rohan Mehta,Chandigarh,Chandigarh,Consumer
C1166,Kiran Joshi,Mumbai,Maharashtra,Consumer
C1167,Rahul Nair,Lucknow,Uttar Pradesh,Consumer
C1168,Sneha Verma,Delhi,Delhi,Consumer
C1169,Ananya Gupta,Delhi,Delhi,Small Business
C1170,Sneha Reddy,Hyderabad,Telangana,Corporate
C1171,Pooja Bhat,Hyderabad,Telangana,Consumer
C1172,Neha Patel,Kochi,Kerala,Consumer
C1173,Amit Mehta,Lucknow,Uttar Pradesh,Consumer
C1174,Divya Reddy,Lucknow,Uttar Pradesh,Consumer
C1175,Vikram Sharma,Chennai,Tamil Nadu,Corporate
C1176,Aditya Kapoor,Hyderabad,Telangana,Small Business
C1177,Arjun Singh,Lucknow,Uttar Pradesh,Consumer
C1178,Amit Kapoor,Kochi,Kerala,Consumer
C1179,Sneha Joshi,Ahmedabad,Gujarat,Consumer
C1180,Vikram Patel,Pune,Maharashtra,Corporate
C1181,Priya Reddy,Pune,Maharashtra,Consumer
C1182,Aditya Iyer,Ahmedabad,Gujarat,Corporate
C1183,Rohan Singh,Kolkata,West Bengal,Corporate
C1184,Sneha Rao,Kochi,Kerala,Consumer
C1185,Divya Patel,Lucknow,Uttar Pradesh,Corporate
C1186,Rahul Reddy,Chandigarh,Chandigarh,Consumer
C1187,Divya Kapoor,Kochi,Kerala,Corporate
C1188,Rohan Kapoor,Ahmedabad,Gujarat,Consumer
C1189,Neha Verma,Mumbai,Maharashtra,Consumer
C1190,Pooja Rao,Jaipur,Rajasthan,Small Business
C1191,Priya Joshi,Bengaluru,Karnataka,Small Business
C1192,Aarav Das,Ahmedabad,Gujarat,Corporate
C1193,Kiran Patel,Chandigarh,Chandigarh,Consumer
C1194,Arjun Iyer,Lucknow,Uttar Pradesh,Corporate
C1195,Priya Singh,Chandigarh,Chandigarh,Consumer
C1196,Aarav Sharma,Chandigarh,Chandigarh,Small Business
C1197,Nikhil Nair,Hyderabad,Telangana,Consumer
C1198,Varun Gupta,Hyderabad,Telangana,Small Business
C1199,Isha Joshi,Chennai,Tamil Nadu,Small Business
C1200,Kavya Joshi,Ahmedabad,Gujarat,Corporate
